﻿<?xml version="1.0" encoding="UTF-8" standalone="yes"?>
    <addon id="repository.arabiflix" 
			name="arabiflix Repository" 
			version="0.0.6" 
			provider-name="arabiflix">
        <extension point="xbmc.addon.repository" name="arabiflix Repository">
            <dir>
			<info compressed="false">https://raw.githubusercontent.com/arabiflix/arabiflix-addons/master/addons.xml</info>
            <checksum>https://raw.githubusercontent.com/arabiflix/arabiflix-addons/master/addons.xml.md5</checksum>
            <datadir zip="true">https://github.com/arabiflix/arabiflix-addons/raw/master/repo</datadir>
            <hashes>false</hashes>
			</dir>
            <dir>
                <info compressed="false">https://raw.githubusercontent.com/Gujal00/smrzips/master/addons.xml</info>
                <checksum>https://raw.githubusercontent.com/Gujal00/smrzips/master/addons.xml.md5</checksum>
                <datadir zip="true">https://raw.githubusercontent.com/Gujal00/smrzips/master/zips/</datadir>
            </dir>
            <dir>
                <info compressed="false">https://raw.githubusercontent.com/jsergio123/zips/master/addons.xml</info>
                <checksum>https://raw.githubusercontent.com/jsergio123/zips/master/addons.xml.md5</checksum>
                <datadir zip="true">https://raw.githubusercontent.com/jsergio123/zips/master/</datadir>
            </dir>
        </extension>
        <extension point="xbmc.addon.metadata">
            <summary>arabic vod addon</summary>
            <description>support: "arabiflix : arabic vod addon" group on facebook</description>
            <platform>all</platform>
    </extension>
</addon>