<?xml version="1.0" encoding="UTF-8" standalone="yes"?>
<addon id="repository.arabi"
        name="arabiflix Repository"
        version="0.0.1"
        provider-name="arabiflix">
    <extension point="xbmc.addon.repository" name="arabiflix Addon Repository">
        <checksum>https://raw.githubusercontent.com/arabiflix/arabiflix-addons/master/addons.xml.md5</checksum>
        <info compressed="false">https://raw.githubusercontent.com/arabiflix/arabiflix-addons/master/addons.xml</info>
        <datadir zip="true">https://github.com/arabiflix/arabiflix-addons/raw/master/repo</datadir>
    </extension>

    <extension point="xbmc.addon.metadata">
        <summary lang="fr">arabiflix Repository</summary>
        <description lang="fr">Installer smsm</description>
        <summary lang="en">arabiflix Repository</summary>
        <description lang="en">Download and install smsm</description>
        <platform>all</platform>
    </extension>
</addon>