﻿<?xml version="1.0" encoding="UTF-8" standalone="yes"?>
<addon id="repository.arabi"
       name="Arabiflix Repository"
        version="0.0.8"
        provider-name="arabiflix">
    <extension point="xbmc.addon.repository" name="Arabiflix Repository">
    <dir>
        <info compressed="false">https://raw.githubusercontent.com/arabiflix/arabiflix-addons/master/addons.xml</info>
        <checksum>https://raw.githubusercontent.com/arabiflix/arabiflix-addons/master/addons.xml.md5</checksum>
        <datadir zip="true">https://github.com/arabiflix/arabiflix-addons/raw/master/repo</datadir>
    </dir>
    <dir>
         <info compressed="false">https://raw.githubusercontent.com/Gujal00/smrzips/master/addons.xml</info>
         <checksum>https://raw.githubusercontent.com/Gujal00/smrzips/master/addons.xml.md5</checksum>
         <datadir zip="true">https://raw.githubusercontent.com/Gujal00/smrzips/master/zips/</datadir>
    </dir>
    <dir>
        <info compressed="false">https://raw.githubusercontent.com/Ovni-crea/seleniumzip/master/addons.xml</info>
        <checksum>https://raw.githubusercontent.com/Ovni-crea/seleniumzip/master/addons.xml.md5</checksum>
        <datadir zip="true">https://raw.githubusercontent.com/Ovni-crea/seleniumzip/master</datadir>
    </dir>
    <dir>
        <info compressed="false">https://raw.githubusercontent.com/Arias800/Fichier-divers/master/addon.xml</info>
        <checksum>https://raw.githubusercontent.com/Arias800/Fichier-divers/master/addons.xml.md5</checksum>
        <datadir zip="true">https://raw.githubusercontent.com/Arias800/script.module.dnspython/master</datadir>
    </dir>
   </extension>

    <extension point="xbmc.addon.metadata">
        <summary lang="fr">Netflix Repository</summary>
        <description lang="fr">arabic vod addon</description>
        <summary lang="en">Netflix Repository</summary>
        <description lang="en">arabic vod addon</description>
        <platform>all</platform>
    </extension>
</addon>